-- phpMyAdmin SQL Dump
-- version 4.8.1
-- https://www.phpmyadmin.net/
--
-- Servidor: 127.0.0.1
-- Tiempo de generación: 20-07-2019 a las 00:35:54
-- Versión del servidor: 10.1.33-MariaDB
-- Versión de PHP: 7.2.6

SET SQL_MODE = "NO_AUTO_VALUE_ON_ZERO";
SET AUTOCOMMIT = 0;
START TRANSACTION;
SET time_zone = "+00:00";


/*!40101 SET @OLD_CHARACTER_SET_CLIENT=@@CHARACTER_SET_CLIENT */;
/*!40101 SET @OLD_CHARACTER_SET_RESULTS=@@CHARACTER_SET_RESULTS */;
/*!40101 SET @OLD_COLLATION_CONNECTION=@@COLLATION_CONNECTION */;
/*!40101 SET NAMES utf8mb4 */;

--
-- Base de datos: `feb01urd_sistema`
--

-- --------------------------------------------------------

--
-- Estructura de tabla para la tabla `alumno`
--

CREATE TABLE `alumno` (
  `cod_alumno` bigint(10) NOT NULL,
  `paterno` varchar(100) NOT NULL,
  `materno` varchar(100) NOT NULL,
  `nombres` varchar(100) NOT NULL,
  `convalidacion` varchar(200) NOT NULL,
  `obs` varchar(200) NOT NULL
) ENGINE=InnoDB DEFAULT CHARSET=utf8;

--
-- Volcado de datos para la tabla `alumno`
--

INSERT INTO `alumno` (`cod_alumno`, `paterno`, `materno`, `nombres`, `convalidacion`, `obs`) VALUES
(201900001, 'ANDRADE', 'CAMPOS', 'SEBASTIAN ANTONIO', '', ''),
(201900002, 'BELLIDO', 'MARIN', 'MIRELLA ANGELY', '', ''),
(201900003, 'CANALES', 'ROJAS', 'LHIAN STHEFANO ALEXANDER', '', ''),
(201900004, 'CASTILLO', 'CACHO', 'JOAQUIN SALVADOR', '', ''),
(201900005, 'CASTILLO', 'DAVILA', 'NAOMI PRISCILA', '', ''),
(201900006, 'CORDERO', 'BALABARCA', 'CRISTINA ZALET', '', ''),
(201900007, 'ESCOBAR', 'GUERRA', 'KIARA EMILIA', '', ''),
(201900008, 'GUILLEN', 'OSORIO', 'MATHIAS ALESSANDRO', '', ''),
(201900009, 'HINOJOSA', 'SANCHEZ', 'LUCIANA', '', ''),
(201900010, 'LAOS', 'CARBAJAL', 'HANEESHA GLORIETTE', '', ''),
(201900011, 'MARCHAN', 'TINOCO', 'NARUMI ROSA DEL PILAR', '', ''),
(201900012, 'MENDOZA', 'IGNACIO', ',RÉNEE SALVADOR MERLYN', '', ''),
(201900013, 'MONTALVAN', 'QUEZADA', 'RICARDO GABRIEL', '', ''),
(201900014, 'MONTESINOS', 'MAVILA', 'RODRIGO JAVIER', '', ''),
(201900015, 'OCMIN', 'GELDRES', 'OSCAR FERNANDO', '', ''),
(201900016, 'OYAKAWA', 'CERRO', 'JHOAN YOSHIRO', '', ''),
(201900017, 'QUIJANO', 'VILLAVICENCIO', 'AIXA SUJHEY', '', ''),
(201900018, 'RAMAL', 'OLIVA', 'SAMUEL ELÍAS', '', ''),
(201900019, 'RIEGA', 'JARA', 'THIAGO ALESSANDRO', '', ''),
(201900020, 'ROBLES', 'AVALOS', 'LUANA GENARA FERNANDA', '', ''),
(201900021, 'TARICUARIMA', 'PEREZ', 'ASHELY', '', ''),
(201900022, 'VILLAVICENCIO', 'RODRIGUEZ', 'MIKELA ESPERANZA', '', ''),
(201900023, 'VILLAVICENCIO', 'ROSSELL', 'JOSEPH EMMANUEL', '', ''),
(201900024, 'ZURITA', 'PEÑA', 'CAMILA BRIZEL', '', ''),
(201900025, 'ALCANTARA', 'SARMIENTO', 'DARIO FRANCISCO', '', ''),
(201900026, 'ASCARRUZ', 'CRUCES', 'ADRIANO EFRAÍN', '', ''),
(201900027, 'AYARZA', 'DIAZ DEL OLMO', 'JESUS ALEJANDRO', '', ''),
(201900028, 'BONIFAZ', 'VARGAS', 'BIANCA ANABELL JESUS', '', ''),
(201900029, 'CARDENAS', 'FERNANDEZ', 'JAIME LUIS BENJAMIN', '', ''),
(201900030, 'CONDE', 'LOZADA', 'KEVYN SMITH', '', ''),
(201900031, 'CORTEZ', 'BENAVIDES', 'GRECIA VALENTINA', '', ''),
(201900032, 'GANTO', 'VILLALOBOS', 'JUAN DAVID ADRIANO ESTEFANO', '', ''),
(201900033, 'JILAJA', 'FLORES', 'DAYIRO DAYRON', '', ''),
(201900034, 'LA ROSA', 'BUSTAMANTE', 'JEAN PAUL AHARÓN', '', ''),
(201900035, 'LEON', 'JULCA', 'GLORIA BETSABE', '', ''),
(201900036, 'LOPEZ', 'RUPAY', 'JOHN ANDRÉ', '', ''),
(201900037, 'MENDOZA', 'JARA', 'CARLO DARIAN', '', ''),
(201900038, 'MORALES', 'SOTELO', 'OMARA CRISTINA', '', ''),
(201900039, 'MORI', 'BRAVO', 'JORGE VICTOR JARED', '', ''),
(201900040, 'NARREA', 'OLAYA', 'ILLARI ROXANA', '', ''),
(201900041, 'ORTEGA', 'PATETE', 'VICTORIA CAROLINA', '', ''),
(201900042, 'PACHECO', 'FRETEL', 'SANTY ALESSANDRO', '', ''),
(201900043, 'PEDREROS', 'CHECA', 'HAYLA BRIZZAIRA', '', ''),
(201900044, 'SANDOVAL', 'MORA', 'KHALID GAEL', '', ''),
(201900045, 'SANTE', 'ABARCA', 'JACOB JOE', '', ''),
(201900046, 'SANTOS', 'HUAYCAMA', 'JHULIANO ALFREDO', '', ''),
(201900047, 'SARMIENTO', 'SARMIENTO', 'ADELE MERCEDES', '', ''),
(201900048, 'TAPIA', 'OLAVARRIA', 'DANIELA ALEJANDRA', '', ''),
(201900049, 'VARGAS', 'HUAMAN', 'SILVANA CHARLOTTE OMAIRA', '', ''),
(201900050, 'VASQUEZ', 'ESPINAL', 'ASHLY IZETH', '', ''),
(201900051, 'AGURTO', 'PALOMINO', 'ISRAEL ANTONIO', '', ''),
(201900052, 'ALARCON', 'GONZALES', 'SABRINA YAJAIRA', '', ''),
(201900053, 'ANGELES', 'SANTISTEBAN', 'ALEX DANIEL', '', ''),
(201900054, 'AYQUIPA', 'BONILLA', 'MATEO ANDRES', '', ''),
(201900055, 'BALAREZO', 'LALUPU', 'JORGE ALONSO', '', ''),
(201900056, 'BEDOYA', 'ORTIZ', 'JOSE EDUARDO', '', ''),
(201900057, 'CERBELLON', 'URIARTE', 'BRIANNA ALEXANDER', '', ''),
(201900058, 'CHICO', 'MEZA', 'GHERO LEONEL', '', ''),
(201900059, 'CHOQUE', 'MARTINEZ', 'CRISTIAN JARED', '', ''),
(201900060, 'ESPINOZA', 'GALARZA', 'ADRIAN MATEO', '', ''),
(201900061, 'FERNANDEZ', 'VICENTE', 'SAMIRA LUHANA', '', ''),
(201900062, 'GALLARDO', 'PACORA', 'MIRIAN ARIANA', '', ''),
(201900063, 'GALVEZ', 'NAVARRO', 'CAMILA LUANA', '', ''),
(201900064, 'GUTIERREZ', 'RAMON', 'ALEJANDRO FRANSHESCO', '', ''),
(201900065, 'HUAMAN', 'CHINCHAY', 'SAMIN YOEL', '', ''),
(201900066, 'LLAMOCCA', 'GAMBOA', 'DARLYN DAYANA', '', ''),
(201900067, 'MUNIZ', 'LLANES', 'CAROLINA', '', ''),
(201900068, 'NUÑEZ DEL ARCO', 'ROSSI', 'VALERIA XIMENA', '', ''),
(201900069, 'ORTEGA', 'PATETE', 'LEONARDO JAVIER', '', ''),
(201900070, 'PARRAGUEZ', 'MAYOR', 'MARIA GUADALUPE', '', ''),
(201900071, 'PUCHOC', 'HUANUIRI', 'ANYHELO RODRIGO', '', ''),
(201900072, 'ROMERO', 'ESPINOZA', 'PAUL RENATO', '', ''),
(201900073, 'SANCHEZ', 'TORRES', 'GABRIEL RODRIGO', '', ''),
(201900074, 'SERVAN', 'HUAMANCHUMO', 'HAIRO ADRIÁN', '', ''),
(201900075, 'SILVA', 'LOPEZ', 'NICOLAS SANTOS', '', ''),
(201900076, 'TERRAZOS', 'ZUÑIGA', 'AMY SOLANGE IBETH', '', ''),
(201900077, 'ANDRADE', 'VARGAS', 'STEFANO FABIÁN', '', ''),
(201900078, 'ARRIBASPLATA', 'MORA', 'MIA FERNANDA', '', ''),
(201900079, 'ASCARRUZ', 'CRUCES', 'FABRIZIO ARTURO', '', ''),
(201900080, 'CHIAPPE', 'MENDOZA', 'ADRIANO ISRAEL', '', ''),
(201900081, 'CRUZ', 'RICO', 'ANYELA DARIANA', '', ''),
(201900082, 'DE LA CRUZ', 'PINEDO', 'RODRIGO FABIAN', '', ''),
(201900083, 'FIGUEROA', 'MURGUIA', 'MILAGROS DUANA', '', ''),
(201900084, 'FLORES', 'TORRES', 'JOHAO ALEXANDER', '', ''),
(201900085, 'GAMARRA', 'FIESTAS', 'JORDANO JAIR', '', ''),
(201900086, 'GONZALES', 'FINOL', 'FERNANDO YADIER', '', ''),
(201900087, 'GUTIERREZ', 'DIAZ', 'ALESSANDRO GIANLUIGUI GERRARD', '', ''),
(201900088, 'GUTIERREZ', 'LOPEZ', 'AXEL LEONIDAS', '', ''),
(201900089, 'HUARACA', 'GSTIR', 'DYLAN RAUL', '', ''),
(201900090, 'LAOS', 'CARBAJAL', 'APHREEQAH ISSABELL', '', ''),
(201900091, 'LEON', 'RAMON', 'SHERILEYMILEE MEREDICK', '', ''),
(201900092, 'MAYOR', 'GONZALES', 'SANTIAGO NICOLAS', '', ''),
(201900093, 'MILLA', 'GUEVARA', 'MARIAPAZ', '', ''),
(201900094, 'PAZ', 'MAVARES', 'JALIAN ARMANDO', '', ''),
(201900095, 'PEDREROS', 'CHECA', 'MAYKELL THIAGO', '', ''),
(201900096, 'QUIROZ', 'FERNANDEZ', 'JUAN FRANCO', '', ''),
(201900097, 'RIOJA', 'BROWN', 'JOSH FEBRY', '', ''),
(201900098, 'RODRIGUEZ', 'RODRIGUEZ', 'LUCIANO SAUL', '', ''),
(201900099, 'SANCHEZ', 'MENDEZ', 'JOSHUA GREGORY JAVIER', '', ''),
(201900100, 'SANTE', 'ABARCA', 'ENYEL SAID', '', ''),
(201900101, 'SIFONTES', 'ROJAS', 'JUAN PABLO', '', ''),
(201900102, 'TRELLES', 'CAMPOS', 'JORMAN WILLIAMS', '', ''),
(201900103, 'VASQUEZ', 'FASABI', 'FRANK ANDERSON', '', ''),
(201900104, 'VILLANUEVA', 'BRENIS', 'JHONATAN FABIANO', '', ''),
(201900105, 'BENITO', 'CRISPIN', 'ANGEL', '', ''),
(201900106, 'CANCELA', 'GONZALES', 'JAMILE MARGOT', '', ''),
(201900107, 'COSSIO', 'CORIA', 'GONZALO BENJAMIN', '', ''),
(201900108, 'FERNANDEZ', 'RUIZ', 'EMANUEL ESAU SALVADOR', '', ''),
(201900109, 'HILARES', 'COLLAHUACHO', 'LUANA BELEN AIKO', '', ''),
(201900110, 'MUNIZ', 'LLANES', 'LUZ URIANA', '', ''),
(201900111, 'OCMIN', 'GELDRES', 'ANDRES EDUARDO', '', ''),
(201900112, 'OLIVERA', 'GUIOP', 'JHAN CARLOS', '', ''),
(201900113, 'PEÑALOZA', 'HUAYTA', 'SEBASTIAN ENRIQUE', '', ''),
(201900114, 'QUICAÑA', 'HILARES', 'DALIA SHARICK', '', ''),
(201900115, 'RIOS', 'CAMPOS', 'LUCIANA NAZARETH', '', ''),
(201900116, 'RIVERA', 'BARCENA', 'MIGUEL ANGEL', '', ''),
(201900117, 'ROMAN', 'ALAMA', 'BIANCA MAYTÉ', '', ''),
(201900118, 'SIU', 'BORJA', 'KIARA IVANNA', '', ''),
(201900119, 'VALLEJOS', 'RODRIGUEZ', 'LUIS ALBERTO', '', ''),
(201900120, 'VARGAS', 'ENRIQUEZ', 'STEIZY ARIANNA', '', ''),
(201900121, 'VARGAS', 'VIDAL', 'DANIEL LEONARDO', '', ''),
(201900122, 'VIDAL', 'ARREDONDO', 'HIAN SAYEF', '', ''),
(201900123, 'VIDAL', 'ARREDONDO', 'HITAN ANTHUAN', '', ''),
(201900124, 'ZAVALA', 'BREÑA', 'KALED IVAN', '', ''),
(201900125, 'ATOCHE', 'SOBRINO', 'SOL ABIGAIL', '', ''),
(201900126, 'BONARRIBA', 'CRUZ', 'FABIANA ALEJANDRA', '', ''),
(201900127, 'CABEZUDO', 'GARCIA', 'RAFAEL ORLANDO', '', ''),
(201900128, 'CARRION', 'ROMERO', 'AARON JEANLUCA', '', ''),
(201900129, 'CORDOVA', 'MESINAS', 'ANDREA MIRANDA', '', ''),
(201900130, 'DIAZ', 'SILVA', 'GIORDANO DANIEL', '', ''),
(201900131, 'FERNANDEZ', 'ARONI', 'NEIL JOSEFABIAN', '', ''),
(201900132, 'FLORES', 'FLORES', 'MAURICIO HERNAN', '', ''),
(201900133, 'FRANCIA', 'MARTINEZ', 'BRYHANNA VALEZKA DE JEMA', '', ''),
(201900134, 'GALVEZ', 'NAVARRO', 'STHEPHANO CALEB', '', ''),
(201900135, 'GAMARRA', 'GOMEZ', 'HUGO ALEJANDRO', '', ''),
(201900136, 'GIRON', 'DA SILVA', 'PAULO ADRIANO', '', ''),
(201900137, 'GUTIERREZ', 'TOCONAS', 'JOAQUÍN EZEQUIEL', '', ''),
(201900138, 'HEINSOHN', 'FUENTES', 'DANIEL ENOC', '', ''),
(201900139, 'HERNANDEZ', 'ZAMBRANO', 'MANUEL ALEJANDRO', '', ''),
(201900140, 'HERRERA', 'TTITO', 'THALIA NICOLE', '', ''),
(201900141, 'LAMAR', 'FINOL', 'MARIA DE LOS ANGELES', '', ''),
(201900142, 'LOPEZ', 'APOLAYA', 'ALESSANDRO ALDAHIR', '', ''),
(201900143, 'LOPEZ', 'MORI', 'LUCCAS MATHEO', '', ''),
(201900144, 'MALDONADO', 'LOZA', 'LUCIANA GABRIELA', '', ''),
(201900145, 'MAYOR', 'GONZALES', 'MATIAS JOSE', '', ''),
(201900146, 'NIMA', 'STEIN', 'ANTHONELLA STEPHANIA', '', ''),
(201900147, 'PARRAGUEZ', 'MAYOR', 'SEBASTIAN JOSEPH', '', ''),
(201900148, 'PAZ', 'BRÜCKMANN', 'NOELIA CAROLINA', '', ''),
(201900149, 'RAMIREZ', 'CARRASCAL', 'MARCELO LEANDRO', '', ''),
(201900150, 'SAGASTEGUI', 'CUBA', 'ANTHONELLA LUZ', '', ''),
(201900151, 'TELLO', 'REYES', 'NICOLL ROXANA', '', ''),
(201900152, 'TORRES', 'VASQUEZ', 'ANDREO KIRIKU', '', ''),
(201900153, 'ATAYPOMA', 'APUMAYTA', 'ESAU DAVID', '', ''),
(201900154, 'CASTILLO', 'DAVILA', 'CHRISTIAN LEONEL', '', ''),
(201900155, 'CORONADO', 'ROQUE', 'JELSY MARIA VALENTINA', '', ''),
(201900156, 'DANCURT', 'QUIROZ', 'PIERO ALESSANDRO', '', ''),
(201900157, 'DIAZ', 'VILLALOBOS', 'EMELY PIERINA', '', ''),
(201900158, 'GARRIDO', 'PRIETO', 'CHRISTIAN SAMUEL', '', ''),
(201900159, 'GONZALES', 'ATAC', 'DANNY', '', ''),
(201900160, 'GONZALES', 'CASTILLO', 'ASIRIS YAMILET', '', ''),
(201900161, 'GUTIERREZ', 'LOPEZ', 'ABIGAIL DAMARIS', '', ''),
(201900162, 'GUTIERREZ', 'PALOMINO', 'VALENTINA SOFIA', '', ''),
(201900163, 'JAVIER', 'HURTADO', 'JHADIRA CHRISTINA', '', ''),
(201900164, 'LEON', 'FULLER', 'DARIO', '', ''),
(201900165, 'LEON', 'TAVARA', 'LEONARDO FABIAN', '', ''),
(201900166, 'MATIENZO', 'YPANAQUE', 'DANNA VALENTINA', '', ''),
(201900167, 'OLIVA', 'GORN', 'JUAQUIN ALESSANDRO', '', ''),
(201900168, 'QUEVEDO', 'ANASTACIO', 'ANGEL DAVID', '', ''),
(201900169, 'RAMOS', 'QUISPE', 'JEMINA CLOTILDE', '', ''),
(201900170, 'ROJAS', 'ALCA', 'RONI CRISTIAN', '', ''),
(201900171, 'SANCHEZ', 'TORRES', 'MIA FERNANDA', '', ''),
(201900172, 'TAMI', 'CUBA', 'JEAN PAUL', '', ''),
(201900173, 'VEGA', 'VILCATOMA', 'COBI BRAYHAN', '', ''),
(201900174, 'VILELA', 'DIAZ', 'GIANLUCA FRANCESCO', '', ''),
(201900175, 'VILLAVICENCIO', 'ROSSELL', 'FATIMA NICOLL', '', ''),
(201900176, 'AGUIRRE', 'VELARDE', 'ROSARIO GUADALUPE', '', ''),
(201900177, 'ARAGON', 'RIVERA', 'YAGO DANIEL', '', ''),
(201900178, 'AYQUIPA', 'BONILLA', 'MICHAEL HADMED', '', ''),
(201900179, 'BRACAMONTE', 'MURGUIA', 'MATIAS DAVID', '', ''),
(201900180, 'CRUZ', 'RICO', 'ANGEL DARIAN', '', ''),
(201900181, 'DONAYRE', 'YOVERA', 'JERALD ALDO', '', ''),
(201900182, 'FERNANDEZ', 'VICENTE', 'SANTOS ISAI', '', ''),
(201900183, 'GALLARDO', 'PACORA', 'MILAGROS NICOL', '', ''),
(201900184, 'GARCÍA', 'HERRERA', 'ROSYSMAR FRANSHESKA', '', ''),
(201900185, 'GARCIA', 'HITO', 'JOSE ALESSANDRO XAVIER', '', ''),
(201900186, 'HIGA', 'GUERRERO', 'CRISTOPHER SHIRO', '', ''),
(201900187, 'INFANTE', 'ESTRADA', 'RANDY GABRIEL', '', ''),
(201900188, 'JAUREGUI', 'HORNA', 'CAMILA VERONICA', '', ''),
(201900189, 'JULCA', 'GAMARRA', 'EDUARDO FRANCISCO JAVIER', '', ''),
(201900190, 'LUYO', 'SORIA', 'ALISSON MELISSA', '', ''),
(201900191, 'NIZAMA', 'YARANGA', 'PAULA CELESTE', '', ''),
(201900192, 'RANGEL', 'ZEGARRA', 'THIAGO FABRIZIO', '', ''),
(201900193, 'RUMICHE', 'LOPEZ', 'SAMUEL IMANOL', '', ''),
(201900194, 'SARMIENTO', 'SARMIENTO', 'ZIDANE RAIKKONEN VALENTIN', '', ''),
(201900195, 'SISA', 'PUMA', 'VALERY KEIT', '', ''),
(201900196, 'TELLO', 'REYES', 'ANTONY JORGE', '', ''),
(201900197, 'TITO', 'BENAVIDES', 'ADIEL JSUE', '', ''),
(201900198, 'VILLANUEVA', 'FLORES', 'ANGELINE IVANNA', '', ''),
(201900199, 'VILLAVICENCIO', 'LOPEZ', 'STEPHANO JOHAN', '', ''),
(201900200, 'ALARCON', 'GONZALES', 'ANGELA LUZ VALERIA', '', ''),
(201900201, 'ALFARO', 'GALLO', 'MOISES RAFAEL', '', ''),
(201900202, 'AMARO', 'FUENTES', 'ABEL ISAAC', '', ''),
(201900203, 'BILLENA', 'HUAMAN', 'VICTOR FABIAN', '', ''),
(201900204, 'GUEVARA', 'PERALTA', 'ADRIAN JOSUE', '', ''),
(201900205, 'IZQUIEL', 'SUAREZ', 'DOLLYS VALENTINA', '', ''),
(201900206, 'MARCHAN', 'TINOCO', 'ADDIEL ALONSO', '', ''),
(201900207, 'MENDEZ', 'BARRIOS', 'ELMES VALENTINO', '', ''),
(201900208, 'MORALES', 'ILMAN', 'PIEER ALEXANDER', '', ''),
(201900209, 'NAVARRO', 'CORTEZ', 'AXEL STHEFANO HENRY', '', ''),
(201900210, 'PEÑA', 'FERNANDEZ', 'SUSEJ DANIELA', '', ''),
(201900211, 'POSADAS', 'ALVAREZ', 'VICTOR MANUELL', '', ''),
(201900212, 'RAMOS', 'VALVERDE', 'MAYRA NICOLE', '', ''),
(201900213, 'ROJAS', 'ZUNI', 'DIEGO SAUL', '', ''),
(201900214, 'TAMI', 'CUBA', 'ESNAYDER', '', ''),
(201900215, 'TARMEÑO', 'PASACHE', 'EMILIO SEBASTIAN', '', ''),
(201900216, 'VIDAL', 'ARREDONDO', 'JAMAL GABRIEL', '', ''),
(201900217, 'ZAVALA', 'BREÑA', 'IMANOL ANDRE MANUEL', '', ''),
(201900218, 'ALMANZA', 'MEJIA', 'YOLANDA', '', ''),
(201900219, 'BAPTISTA', 'LOZADA', 'PAOLA VALENTINA', '', ''),
(201900220, 'BARRANCA', 'VILLANUEVA', 'MEGAN ARIANA MIA', '', ''),
(201900221, 'BERENGUEL', 'OLIVA', 'ANDRES SEBASTIAN', '', ''),
(201900222, 'BRYSON', 'GALLEGOS', 'GIORDANA DASHIA', '', ''),
(201900223, 'CAMACHO', 'DE LA CRUZ', 'JHON BYRON', '', ''),
(201900224, 'CARRION', 'ROMERO', 'ASTHRID MILAGROS DEL CARMEN', '', ''),
(201900225, 'CERBELLON', 'URIARTE', 'DIDIER ANTWOAN', '', ''),
(201900226, 'CHERO', 'ESPINOZA', 'DAVIS JUNIOR', '', ''),
(201900227, 'COBEÑAS', 'PIZANGO', 'SHANELI MADRIT', '', ''),
(201900228, 'CORDOVA', 'GIRON', 'FLAVIA GABRIELA', '', ''),
(201900229, 'CORTEZ', 'BENAVIDES', 'ARACELLY CAROLINA', '', ''),
(201900230, 'DURAN', 'PALOMINO', 'JUAN JOSE ENMANUEL', '', ''),
(201900231, 'FLORES', 'CARBAJAL', 'JUANITA ISABEL', '', ''),
(201900232, 'HERRERA', 'TTITO', 'DAJHANA LIZETH', '', ''),
(201900233, 'JARA', 'QUISPE', 'MARCOS JEAN PIERO', '', ''),
(201900234, 'LEGUA', 'BORDON', 'BILLY ARTEMIO', '', ''),
(201900235, 'OLIVARES', 'CACERES', 'DIEGO ALBERTO', '', ''),
(201900236, 'OYOLA', 'PADRO', 'DANIELA LUCIA', '', ''),
(201900237, 'PAREDES', 'SIAS', 'RICARDO MATHIAS', '', ''),
(201900238, 'PERALTA', 'BENAVIDES', 'FABRIZIO JESUS', '', ''),
(201900239, 'PERNALETE', 'SIMON', 'ANDREA NIKOL', '', ''),
(201900240, 'RAMAL', 'OLIVA', 'CARLOS MATEO', '', ''),
(201900241, 'RAMOS', 'QUISPE', 'ABELARDO PABLO', '', ''),
(201900242, 'RODRIGUEZ', 'MENDEZ', 'DIEGO ALEJANDRO', '', ''),
(201900243, 'SIU', 'BORJA', 'YAMILET AISHKA', '', ''),
(201900244, 'VALLEJOS', 'SHEEN', 'EMILY ELIEL', '', ''),
(201900245, 'VARGAS', 'PASCO', 'MIA GABRIELA', '', ''),
(201900246, 'VILCHEZ', 'RODRIGUEZ', 'JOAQUIN ADRIAN', '', ''),
(201900247, 'ABURTO', 'ZAPATA', 'GRACE CECILIA', '', ''),
(201900248, 'ACQUARONE', 'ACEVEDO', 'VALENTINO DIEGO', '', ''),
(201900249, 'AGUI', 'CAVALCANTE', 'JOSEPH DANIEL', '', ''),
(201900250, 'BENAVIDES', 'COLLAHUA', 'VICTOR ANDRES', '', ''),
(201900251, 'CASAS', 'FERNANDEZ', 'ANAMARIA YHUSSARA SAEMI', '', ''),
(201900252, 'CHINCHAY', 'TINCO', 'IAN ADRIAN', '', ''),
(201900253, 'CHIRINOS', 'PERCHE', 'DANIELIS THALIA', '', ''),
(201900254, 'CORNEJO', 'PINO', 'SAID ARMANDO', '', ''),
(201900255, 'DIAZ', 'AUCCASI', 'DAMARIS ANAYEYL', '', ''),
(201900256, 'DIAZ', 'SULLÓN', 'LIONEL STEVEN', '', ''),
(201900257, 'FLORES', 'CALERO', 'ADRIANO ALESSANDRO FELIX', '', ''),
(201900258, 'GALVAN', 'ARNAO', 'JAKOMO SAMUEL', '', ''),
(201900259, 'GARCIA', 'CARRANZA', 'JEAN FRANCO', '', ''),
(201900260, 'GARCIA', 'MONTALVO', 'FABIANA BELEN', '', ''),
(201900261, 'MORALES', 'CASTAÑON', 'OSCAR SANTIAGO', '', ''),
(201900262, 'NOGUERA', 'COLMENARES', 'SANTIAGO JOSUÈ', '', ''),
(201900263, 'PAJILLA', 'CASAS', 'ARIANA VALENTINA', '', ''),
(201900264, 'PAULINO', 'MAURICIO', 'JIMMY JESÚS', '', ''),
(201900265, 'PEDROZO', 'REA', 'HEEJÍN ALICIA', '', ''),
(201900266, 'PEÑALOZA', 'TORRES', 'KAI AARON', '', ''),
(201900267, 'QQUEHUI', 'QUISPE', 'ROY JERSON', '', ''),
(201900268, 'RAMIREZ', 'CHINO', 'INGRID STEPHANY', '', ''),
(201900269, 'RIVAS', 'COMITIVOS', 'TATIANA GABRIELA', '', ''),
(201900270, 'RODRIGUEZ', 'GARCIA', 'RAUL MANUEL', '', ''),
(201900271, 'SANCHEZ', 'DE LA CRUZ', 'VALENTINA LUANA', '', ''),
(201900272, 'TANTALEAN', 'MARICHIN', 'ABIGAIL', '', ''),
(201900273, 'TARAZONA', 'FLORES', 'CALEB MANUEL', '', ''),
(201900274, 'VILLAVICENCIO', 'LOPEZ', 'ANYELA THAIS', '', ''),
(201900275, 'ARAUJO', 'ZUÑIGA', 'GABRIEL RENATO', '', ''),
(201900276, 'BELTRAN', 'PUN', 'ADRIANO ALESSANDRO', '', ''),
(201900277, 'BORJAS', 'PASTOR', 'MATHIAS FERNANDO', '', ''),
(201900278, 'CARRILLO', 'MARIN', 'CAMILA FABIANA', '', ''),
(201900279, 'CASTILLO', 'BRICEÑO', 'KAORI VALENTINA', '', ''),
(201900280, 'CASTILLO', 'CACHO', 'CIELO ESPERANZA', '', ''),
(201900281, 'CHIRINOS', 'ZAPATA', 'ANGEL MARIANO', '', ''),
(201900282, 'CORDERO', 'VIVANCO', 'MAURO ESTEBAN', '', ''),
(201900283, 'CRUZ', 'CALDERON', 'LUCIANA ALESSANDRA', '', ''),
(201900284, 'CUBAS', 'VILLALOBOS', 'ANA CRISTINA', '', ''),
(201900285, 'DEL AGUILA', 'QUINTEROS', 'ARACK BETHKER', '', ''),
(201900286, 'DIAZ', 'SULLON', 'CRISTHOFER ALEXANDER', '', ''),
(201900287, 'HERRERA', 'MIESES', 'STEFANO ANTONIO', '', ''),
(201900288, 'LEONES', 'GOMEZ', 'SUAIL KAROLAY', '', ''),
(201900289, 'MIRANDA', 'HERRERA', 'CAMILA JENNIFER', '', ''),
(201900290, 'NOMBERA', 'SARANGO', 'JUAN JOSE ALEJANDRO', '', ''),
(201900291, 'PADRON', 'CISNEROS', 'ANGEL EDUARDO', '', ''),
(201900292, 'PATANIA', 'SALAS', 'CAMILA BEATRIZ', '', ''),
(201900293, 'RODRIGUEZ', 'ALDANA', 'JOSE JOAQUIN', '', ''),
(201900294, 'SOLORZANO', 'TASAYCO', 'DAPHNE PAMELA', '', ''),
(201900295, 'TORRES', 'MUÑOZ', 'DANIELA KATHIE', '', ''),
(201900296, 'URDANETA', 'MENDIVIL', 'MANUEL ALEJANDRO', '', ''),
(201900297, 'VENTURA', 'RICALDI', 'DAN AARON', '', ''),
(201900298, 'VILCHEZ', 'DELGADO', 'KRISTIAN ALEJANDRO', '', ''),
(201900299, 'VILLENA', 'CAMACHO', 'YVANA ELIZABETH ANTONELLA', '', ''),
(201900300, 'ZAVALA', 'PISFIL', 'MAICON FABIANO', '', ''),
(201900301, 'ABURTO', 'ZAPATA', 'VICTOR JEHU', '', ''),
(201900302, 'BARRANCA', 'VILLANUEVA', 'CAMILA ANGELLI', '', ''),
(201900303, 'BORJAS', 'PASTOR', 'ALEXIA THAIS', '', ''),
(201900304, 'CAMERE', 'RIVERA', 'FABRIZIO ALFONSO', '', ''),
(201900305, 'CASACHAHUA', 'HURTADO DE MENDOZA', 'AXEL JOEL', '', ''),
(201900306, 'CAYAMPI', 'ZAMORA', 'IAN DOMINIC', '', ''),
(201900307, 'CHINCHAY', 'TINCO', 'BENJAMIN ALEXANDRE', '', ''),
(201900308, 'CORDERO', 'VIVANCO', 'ALVARO SEBASTIAN', '', ''),
(201900309, 'CRUZ', 'CALDERON', 'XAVIER ALEXANDER', '', ''),
(201900310, 'DIAZ', 'AUCCASI', 'GEINER DAVID', '', ''),
(201900311, 'GONZALES', 'MELENDEZ', 'JOSE ANGEL', '', ''),
(201900312, 'GUILLEN', 'RODRIGUEZ', 'EVANS JOSE', '', ''),
(201900313, 'LEON', 'ALFARO', 'GIANELLA BELEN', '', ''),
(201900314, 'LINAREZ', 'ATIENZO', 'GABRIELA VALENTINA', '', ''),
(201900315, 'LIRA', 'SILVA', 'YASIBIHT ALEXANDRA', '', ''),
(201900316, 'MEDINA', 'RONDON', 'ALONSO GABRIEL', '', ''),
(201900317, 'MENDOZA', 'TERAN', 'EITKEN GABRIEL', '', ''),
(201900318, 'MORALES', 'CASTAÑON', 'FERNANDA BELEN', '', ''),
(201900319, 'PEDROZO', 'REA', 'NIKHOLAS JACOB', '', ''),
(201900320, 'PINEDA', 'MUJICA', 'DEYVER ALEJANDRO', '', ''),
(201900321, 'RAMIREZ', 'CHINO', 'BRIDNEY ELIZABETH', '', ''),
(201900322, 'RODRIGUEZ', 'ALDANA', 'FRANCO ALESSANDRO', '', ''),
(201900323, 'SANCHEZ', 'DE LA CRUZ', 'EMILY ALEJANDRA', '', ''),
(201900324, 'SARMIENTO', 'SEGOVIA', 'DIEGO ALEJANDRO', '', ''),
(201900325, 'TANTALEAN', 'MARICHIN', 'SNEYDER ANDREY', '', ''),
(201900326, 'VASQUEZ', 'MANAY', 'ANDREA FABIANA', '', ''),
(201900327, 'VILCHEZ', 'DELGADO', 'KRISBEL KAROLINA', '', ''),
(201900328, 'ZUÑIGA', 'BOBADILLA', 'ROSITA MARIA DEL CIELO', '', '');

-- --------------------------------------------------------

--
-- Estructura de tabla para la tabla `asistencia`
--

CREATE TABLE `asistencia` (
  `cod_asistencia` int(11) NOT NULL,
  `cod_persona` bigint(20) NOT NULL,
  `entrada` datetime NOT NULL,
  `estado` varchar(1) NOT NULL,
  `obs` varchar(200) NOT NULL
) ENGINE=InnoDB DEFAULT CHARSET=utf8;

--
-- Volcado de datos para la tabla `asistencia`
--

INSERT INTO `asistencia` (`cod_asistencia`, `cod_persona`, `entrada`, `estado`, `obs`) VALUES
(1, 201900001, '2018-05-02 07:45:37', 'A', ''),
(2, 201900009, '2018-05-04 07:59:33', 'A', ''),
(3, 201900010, '2018-04-02 07:32:13', 'A', ''),
(4, 201900011, '2018-04-02 07:50:17', 'A', ''),
(5, 201900012, '2018-04-02 07:31:04', 'A', ''),
(6, 201900013, '2018-04-02 07:59:29', 'A', ''),
(7, 201900014, '2018-04-02 07:33:04', 'A', ''),
(8, 201900015, '2018-04-02 07:51:01', 'A', ''),
(9, 201900008, '2018-04-02 08:36:28', 'A', ''),
(10, 201900004, '2018-04-02 07:27:48', 'A', ''),
(11, 201900003, '2018-04-02 08:21:39', 'A', ''),
(12, 201900006, '2018-04-02 07:45:05', 'A', ''),
(13, 201900007, '2018-04-02 07:44:23', 'A', ''),
(14, 201900005, '2018-04-02 07:43:21', 'A', ''),
(15, 201900002, '2018-04-02 08:32:22', 'A', ''),
(16, 201900016, '2018-04-02 07:45:32', 'A', ''),
(17, 201900017, '2018-04-02 07:45:12', 'A', ''),
(18, 201900020, '2018-04-02 08:01:19', 'A', ''),
(19, 201900018, '2018-04-02 07:59:04', 'A', ''),
(20, 201900023, '2018-04-02 07:40:52', 'A', ''),
(21, 201900022, '2018-04-02 07:07:54', 'A', ''),
(22, 201900019, '2018-04-02 07:31:23', 'A', ''),
(23, 201900024, '2018-04-02 07:19:12', 'A', ''),
(24, 201900026, '2018-04-02 07:46:43', 'A', ''),
(25, 201900021, '2018-04-02 07:50:13', 'A', ''),
(26, 201900025, '2018-04-02 07:35:29', 'A', ''),
(27, 201900027, '2018-04-02 07:18:36', 'A', ''),
(28, 201900028, '2018-04-02 08:21:00', 'A', ''),
(29, 201900034, '2018-04-02 07:26:13', 'A', ''),
(30, 201900035, '2018-04-02 07:47:00', 'A', ''),
(31, 201900033, '2018-04-02 08:21:23', 'A', ''),
(32, 201900030, '2018-04-02 08:30:12', 'A', ''),
(33, 201900029, '2018-04-02 07:34:44', 'A', ''),
(34, 201900031, '2018-04-02 07:42:07', 'A', ''),
(35, 201900032, '2018-04-02 08:15:39', 'A', ''),
(36, 201900037, '2018-04-02 08:32:35', 'A', ''),
(37, 201900036, '2018-04-02 07:25:46', 'A', ''),
(38, 201900040, '2018-04-02 07:11:18', 'A', ''),
(39, 201900042, '2018-04-02 08:25:33', 'A', ''),
(40, 201900038, '2018-04-02 07:46:48', 'A', ''),
(41, 201900039, '2018-04-02 07:25:59', 'A', ''),
(42, 201900041, '2018-04-02 08:32:29', 'A', ''),
(43, 201900043, '2018-04-02 08:08:48', 'A', ''),
(44, 201900044, '2018-04-02 07:39:31', 'A', ''),
(45, 201900045, '2018-04-02 07:27:54', 'A', ''),
(46, 201900046, '2018-04-02 07:38:52', 'A', ''),
(47, 201900048, '2018-04-02 07:36:15', 'A', ''),
(48, 201900047, '2018-04-02 08:18:15', 'A', ''),
(49, 201900049, '2018-04-02 07:40:45', 'A', ''),
(50, 201900051, '2018-04-02 07:28:19', 'A', ''),
(51, 201900050, '2018-04-02 07:21:47', 'A', ''),
(52, 201900054, '2018-04-02 07:59:21', 'A', ''),
(53, 201900052, '2018-04-02 08:14:30', 'A', ''),
(54, 201900053, '2018-04-02 07:16:10', 'A', ''),
(55, 201900055, '2018-04-02 07:21:40', 'A', ''),
(56, 201900057, '2018-04-02 08:18:32', 'A', ''),
(57, 201900056, '2018-04-02 07:29:11', 'A', ''),
(58, 201900058, '2018-04-02 07:59:53', 'A', ''),
(59, 201900059, '2018-04-02 07:43:06', 'A', ''),
(60, 201900060, '2018-04-02 07:45:43', 'A', ''),
(61, 201900062, '2018-04-02 07:46:55', 'A', ''),
(62, 201900061, '2018-04-02 07:42:33', 'A', ''),
(63, 201900063, '2018-04-02 07:16:17', 'A', ''),
(64, 201900064, '2018-04-02 07:28:13', 'A', ''),
(65, 201900065, '2018-04-02 07:43:11', 'A', ''),
(66, 201900067, '2018-04-02 07:33:38', 'A', ''),
(67, 201900066, '2018-04-02 08:05:09', 'A', ''),
(68, 201900068, '2018-04-02 07:45:25', 'A', ''),
(69, 201900072, '2018-04-02 08:01:24', 'A', ''),
(70, 201900069, '2018-04-02 07:36:32', 'A', ''),
(71, 201900071, '2018-04-02 07:41:20', 'A', ''),
(72, 201900070, '2018-04-02 07:50:35', 'A', ''),
(73, 201900074, '2018-04-02 07:40:23', 'A', ''),
(74, 201900073, '2018-04-02 08:16:13', 'A', ''),
(75, 201900075, '2018-04-02 08:32:46', 'A', ''),
(76, 201900078, '2018-04-02 07:46:35', 'A', ''),
(77, 201900076, '2018-04-02 13:09:15', 'A', ''),
(78, 201900077, '2018-04-02 07:35:35', 'A', ''),
(79, 201900079, '2018-04-02 07:26:06', 'A', ''),
(80, 201900080, '2018-04-02 08:20:32', 'A', ''),
(81, 201900081, '2018-04-02 07:40:57', 'A', ''),
(82, 201900082, '2018-04-02 08:32:11', 'A', ''),
(83, 201900083, '2018-04-02 08:21:47', 'A', ''),
(84, 201900085, '2018-04-02 08:33:30', 'A', ''),
(85, 201900084, '2018-04-02 07:59:10', 'A', ''),
(86, 201900086, '2018-04-02 07:40:30', 'A', ''),
(87, 201900088, '2018-04-02 07:51:18', 'A', ''),
(88, 201900089, '2018-04-02 07:28:33', 'A', ''),
(89, 201900087, '2018-04-02 07:32:05', 'A', ''),
(90, 201900091, '2018-04-02 08:38:57', 'A', ''),
(91, 201900090, '2018-04-02 07:54:12', 'A', ''),
(92, 201900092, '2018-04-02 07:42:48', 'A', ''),
(93, 201900093, '2018-04-02 07:36:20', 'A', ''),
(94, 201900094, '2018-04-02 07:28:00', 'A', ''),
(95, 201900096, '2018-04-02 07:19:43', 'A', ''),
(96, 201900095, '2018-04-02 07:42:55', 'A', ''),
(97, 201900097, '2018-04-02 07:40:40', 'A', ''),
(98, 201900098, '2018-04-02 08:03:03', 'A', ''),
(99, 201900099, '2018-04-02 08:23:39', 'A', ''),
(100, 201900100, '2018-04-02 07:29:20', 'A', ''),
(101, 201900101, '2018-04-02 08:00:55', 'A', ''),
(102, 201900102, '2018-04-02 07:34:49', 'A', ''),
(103, 201900106, '2018-04-02 07:44:43', 'A', ''),
(104, 201900105, '2018-04-02 08:16:00', 'A', ''),
(105, 201900103, '2018-04-02 07:38:45', 'A', ''),
(106, 201900107, '2018-04-02 07:58:26', 'A', ''),
(107, 201900109, '2018-04-02 08:07:18', 'A', ''),
(108, 201900104, '2018-04-02 07:52:16', 'A', ''),
(109, 201900108, '2018-04-02 07:21:57', 'A', ''),
(110, 201900110, '2018-04-02 07:41:09', 'A', ''),
(111, 201900111, '2018-04-02 08:00:49', 'A', ''),
(112, 201900112, '2018-04-02 07:43:38', 'A', ''),
(113, 201900113, '2018-04-02 08:08:19', 'A', ''),
(114, 201900117, '2018-04-02 07:13:14', 'A', ''),
(115, 201900114, '2018-04-02 07:25:55', 'A', ''),
(116, 201900115, '2018-04-02 07:30:56', 'A', ''),
(117, 201900119, '2018-04-02 08:40:25', 'A', ''),
(118, 201900116, '2018-04-02 07:58:06', 'A', ''),
(119, 201900120, '2018-04-02 07:35:23', 'A', ''),
(120, 201900118, '2018-04-02 08:29:54', 'A', ''),
(121, 201900121, '2018-04-02 08:16:18', 'A', ''),
(122, 201900123, '2018-04-02 07:47:47', 'A', ''),
(123, 201900129, '2018-04-02 07:37:34', 'A', ''),
(124, 201900122, '2018-04-02 08:39:47', 'A', ''),
(125, 201900125, '2018-04-02 08:18:07', 'A', ''),
(126, 201900126, '2018-04-02 08:01:01', 'A', ''),
(127, 201900124, '2018-04-02 07:28:08', 'A', ''),
(128, 201900127, '2018-04-02 07:37:41', 'A', ''),
(129, 201900128, '2018-04-02 08:20:04', 'A', ''),
(130, 201900130, '2018-04-02 08:31:34', 'A', ''),
(131, 201900131, '2018-04-02 07:34:39', 'A', ''),
(132, 201900133, '2018-04-02 07:47:12', 'A', ''),
(133, 201900134, '2018-04-02 07:41:39', 'A', ''),
(134, 201900132, '2018-04-02 07:52:06', 'A', ''),
(135, 201900135, '2018-04-02 07:41:50', 'A', ''),
(136, 201900138, '2018-04-02 08:15:34', 'A', ''),
(137, 201900136, '2018-04-02 08:01:28', 'A', ''),
(138, 201900139, '2018-04-02 07:42:36', 'A', ''),
(139, 201900137, '2018-04-02 07:44:36', 'A', ''),
(140, 201900140, '2018-04-02 08:27:12', 'A', ''),
(141, 201900144, '2018-04-02 07:53:33', 'A', ''),
(142, 201900147, '2018-04-02 07:59:44', 'A', ''),
(143, 201900143, '2018-04-02 08:16:06', 'A', ''),
(144, 201900141, '2018-04-02 07:50:24', 'A', ''),
(145, 201900142, '2018-04-02 07:50:55', 'A', ''),
(146, 201900148, '2018-04-02 10:34:14', 'A', ''),
(147, 201900146, '2018-04-02 08:29:04', 'A', ''),
(148, 201900145, '2018-04-02 08:28:59', 'A', ''),
(149, 201900149, '2018-04-02 08:39:30', 'A', ''),
(150, 201900150, '2018-04-02 07:43:33', 'A', ''),
(151, 201900151, '2018-04-02 13:05:45', 'A', ''),
(152, 201900152, '2018-04-02 18:01:58', 'A', ''),
(153, 201900153, '2018-04-02 13:06:38', 'A', ''),
(154, 201900154, '2018-04-02 13:05:28', 'A', ''),
(155, 201900158, '2018-04-02 13:13:32', 'A', ''),
(156, 201900156, '2018-04-02 13:00:41', 'A', ''),
(157, 201900157, '2018-04-02 18:14:08', 'A', ''),
(158, 201900155, '2018-04-02 18:01:10', 'A', ''),
(159, 201900159, '2018-04-02 07:46:29', 'A', ''),
(160, 201900162, '2018-04-02 07:42:28', 'A', ''),
(161, 201900161, '2018-04-02 07:45:21', 'A', ''),
(162, 201900160, '2018-04-02 07:25:21', 'A', ''),
(163, 201900164, '2018-04-02 07:34:20', 'A', ''),
(164, 201900163, '2018-04-02 07:47:58', 'A', ''),
(165, 201900166, '2018-04-02 07:58:19', 'A', ''),
(166, 201900165, '2018-04-02 08:05:01', 'A', ''),
(167, 201900168, '2018-04-02 08:05:18', 'A', ''),
(168, 201900167, '2018-04-02 08:26:47', 'A', ''),
(169, 201900173, '2018-04-02 08:32:16', 'A', ''),
(170, 201900169, '2018-04-02 07:41:03', 'A', ''),
(171, 201900170, '2018-04-02 08:25:43', 'A', ''),
(172, 201900171, '2018-04-02 08:03:18', 'A', ''),
(173, 201900172, '2018-04-02 07:47:26', 'A', ''),
(174, 201900174, '2018-04-02 08:29:42', 'A', ''),
(175, 201900177, '2018-04-02 07:47:34', 'A', ''),
(176, 201900179, '2018-04-02 08:01:13', 'A', ''),
(177, 201900176, '2018-04-02 07:57:54', 'A', ''),
(178, 201900182, '2018-04-02 13:10:21', 'A', ''),
(179, 201900175, '2018-04-02 08:25:28', 'A', ''),
(180, 201900180, '2018-04-02 08:36:46', 'A', ''),
(181, 201900178, '2018-04-02 08:18:25', 'A', ''),
(182, 201900183, '2018-04-02 08:17:03', 'A', ''),
(183, 201900181, '2018-04-02 13:10:44', 'A', ''),
(184, 201900184, '2018-04-02 08:30:04', 'A', ''),
(185, 201900185, '2018-04-02 07:39:00', 'A', ''),
(186, 201900001, '2018-04-02 00:00:00', 'F', ''),
(187, 201900188, '2018-04-02 00:00:00', 'F', ''),
(188, 201900186, '2018-04-02 00:00:00', 'F', ''),
(189, 201900187, '2018-04-02 00:00:00', 'F', ''),
(190, 201900009, '2018-04-02 00:00:00', 'F', ''),
(191, 201900189, '2018-04-02 00:00:00', 'F', ''),
(192, 201900192, '2018-04-02 00:00:00', 'F', ''),
(193, 201900191, '2018-04-02 00:00:00', 'F', ''),
(194, 201900190, '2018-04-02 00:00:00', 'F', ''),
(195, 201900193, '2018-04-02 00:00:00', 'F', ''),
(196, 201900197, '2018-04-02 00:00:00', 'F', ''),
(197, 201900199, '2018-04-02 00:00:00', 'F', ''),
(198, 201900201, '2018-04-02 00:00:00', 'F', ''),
(199, 201900195, '2018-04-02 00:00:00', 'F', ''),
(200, 201900194, '2018-04-02 00:00:00', 'F', ''),
(201, 201900196, '2018-04-02 00:00:00', 'F', ''),
(202, 201900198, '2018-04-02 00:00:00', 'F', ''),
(203, 201900200, '2018-04-02 00:00:00', 'F', ''),
(204, 201900202, '2018-04-02 00:00:00', 'F', ''),
(205, 201900204, '2018-04-02 00:00:00', 'F', ''),
(206, 201900207, '2018-04-02 00:00:00', 'F', ''),
(207, 201900206, '2018-04-02 00:00:00', 'F', ''),
(208, 201900209, '2018-04-02 00:00:00', 'F', ''),
(209, 201900205, '2018-04-02 00:00:00', 'F', ''),
(210, 201900203, '2018-04-02 00:00:00', 'F', ''),
(211, 201900208, '2018-04-02 00:00:00', 'F', ''),
(212, 201900210, '2018-04-02 00:00:00', 'F', ''),
(213, 201900211, '2018-04-02 00:00:00', 'F', ''),
(214, 201900215, '2018-04-02 00:00:00', 'F', ''),
(215, 201900212, '2018-04-02 00:00:00', 'F', ''),
(216, 201900214, '2018-04-02 00:00:00', 'F', ''),
(217, 201900213, '2018-04-02 00:00:00', 'F', ''),
(218, 201900216, '2018-04-02 00:00:00', 'F', ''),
(219, 201900220, '2018-04-02 00:00:00', 'F', ''),
(220, 201900217, '2018-04-02 00:00:00', 'F', ''),
(221, 201900218, '2018-04-02 00:00:00', 'F', ''),
(222, 201900219, '2018-04-02 00:00:00', 'F', ''),
(223, 201900221, '2018-04-02 00:00:00', 'F', ''),
(224, 201900223, '2018-04-02 00:00:00', 'F', ''),
(225, 201900224, '2018-04-02 00:00:00', 'F', ''),
(226, 201900222, '2018-04-02 00:00:00', 'F', ''),
(227, 201900225, '2018-04-02 00:00:00', 'F', ''),
(228, 201900226, '2018-04-02 00:00:00', 'F', ''),
(229, 201900227, '2018-04-02 00:00:00', 'F', ''),
(230, 201900232, '2018-04-02 00:00:00', 'F', ''),
(231, 201900230, '2018-04-02 00:00:00', 'F', ''),
(232, 201900228, '2018-04-02 00:00:00', 'F', ''),
(233, 201900229, '2018-04-02 00:00:00', 'F', ''),
(234, 201900231, '2018-04-02 00:00:00', 'F', ''),
(235, 201900233, '2018-04-02 00:00:00', 'F', ''),
(236, 201900236, '2018-04-02 00:00:00', 'F', ''),
(237, 201900234, '2018-04-02 00:00:00', 'F', ''),
(238, 201900235, '2018-04-02 00:00:00', 'F', ''),
(239, 201900239, '2018-04-02 00:00:00', 'F', ''),
(240, 201900237, '2018-04-02 00:00:00', 'F', ''),
(241, 201900238, '2018-04-02 00:00:00', 'F', ''),
(242, 201900240, '2018-04-02 00:00:00', 'F', ''),
(243, 201900241, '2018-04-02 00:00:00', 'F', ''),
(244, 201900242, '2018-04-02 00:00:00', 'F', ''),
(245, 201900243, '2018-04-02 00:00:00', 'F', ''),
(246, 201900244, '2018-04-02 00:00:00', 'F', ''),
(247, 201900245, '2018-04-02 00:00:00', 'F', ''),
(248, 201900246, '2018-04-02 00:00:00', 'F', '');

-- --------------------------------------------------------

--
-- Estructura de tabla para la tabla `docente`
--

CREATE TABLE `docente` (
  `cod_docente` bigint(10) NOT NULL,
  `paterno` varchar(100) NOT NULL,
  `materno` varchar(100) NOT NULL,
  `nombres` varchar(100) NOT NULL,
  `obs` varchar(200) NOT NULL
) ENGINE=InnoDB DEFAULT CHARSET=utf8;

--
-- Volcado de datos para la tabla `docente`
--

INSERT INTO `docente` (`cod_docente`, `paterno`, `materno`, `nombres`, `obs`) VALUES
(10000001, 'VALENCIA', 'URBINA', 'AIDA CARIN', ''),
(10000002, 'RODRIGUEZ', 'LOPEZ', 'GIOVANNA', ''),
(10000003, 'OLANO', 'GARCIA', 'CEDINA', ''),
(10000004, 'CASTRO', 'PONTE', 'CARMEN', ''),
(10000005, 'ALCALDE', 'CHAVEZ', 'JESUS EMPERATRIZ', ''),
(10000006, 'HERRERA', 'ANGELES', 'TERESA AMALIA', ''),
(10000007, 'ALCANTARA', 'GARCIA', 'NELLY', ''),
(10000008, 'RAMIREZ', 'SERVERA', 'GLORIA', ''),
(10000009, 'ASTOCONDOR', 'FUERTES', 'CARMEN YANET', ''),
(10000010, 'MEDINA', 'RIVASPLATA', 'JOANNA', ''),
(10000011, 'VERA', 'SOLIS', 'SUSANA', ''),
(10000012, 'VALENCIA', 'TUNQUE', 'MERY MILAGROS', ''),
(10000013, 'JIBAJA', 'BRAVO', 'CARMEN MARITZA', '');

-- --------------------------------------------------------

--
-- Estructura de tabla para la tabla `matricula`
--

CREATE TABLE `matricula` (
  `cod_matricula` bigint(20) NOT NULL,
  `cod_alumno` bigint(20) NOT NULL,
  `cod_docente` bigint(20) NOT NULL,
  `cod_salon` bigint(20) NOT NULL,
  `cod_turno` int(11) NOT NULL,
  `semestre` varchar(4) NOT NULL,
  `obs` varchar(200) NOT NULL
) ENGINE=InnoDB DEFAULT CHARSET=utf8;

--
-- Volcado de datos para la tabla `matricula`
--

INSERT INTO `matricula` (`cod_matricula`, `cod_alumno`, `cod_docente`, `cod_salon`, `cod_turno`, `semestre`, `obs`) VALUES
(1, 201900001, 10000001, 1, 1, '2019', ''),
(2, 201900002, 10000001, 1, 1, '2019', ''),
(3, 201900003, 10000001, 1, 1, '2019', ''),
(4, 201900004, 10000001, 1, 1, '2019', ''),
(5, 201900005, 10000001, 1, 1, '2019', ''),
(6, 201900006, 10000001, 1, 1, '2019', ''),
(7, 201900007, 10000001, 1, 1, '2019', ''),
(8, 201900008, 10000001, 1, 1, '2019', ''),
(9, 201900009, 10000001, 1, 1, '2019', ''),
(10, 201900010, 10000001, 1, 1, '2019', ''),
(11, 201900011, 10000001, 1, 1, '2019', ''),
(12, 201900012, 10000001, 1, 1, '2019', ''),
(13, 201900013, 10000001, 1, 1, '2019', ''),
(14, 201900014, 10000001, 1, 1, '2019', ''),
(15, 201900015, 10000001, 1, 1, '2019', ''),
(16, 201900016, 10000001, 1, 1, '2019', ''),
(17, 201900017, 10000001, 1, 1, '2019', ''),
(18, 201900018, 10000001, 1, 1, '2019', ''),
(19, 201900019, 10000001, 1, 1, '2019', ''),
(20, 201900020, 10000001, 1, 1, '2019', ''),
(21, 201900021, 10000001, 1, 1, '2019', ''),
(22, 201900022, 10000001, 1, 1, '2019', ''),
(23, 201900023, 10000001, 1, 1, '2019', ''),
(24, 201900024, 10000001, 1, 1, '2019', ''),
(25, 201900025, 10000002, 2, 1, '2019', ''),
(26, 201900026, 10000002, 2, 1, '2019', ''),
(27, 201900027, 10000002, 2, 1, '2019', ''),
(28, 201900028, 10000002, 2, 1, '2019', ''),
(29, 201900029, 10000002, 2, 1, '2019', ''),
(30, 201900030, 10000002, 2, 1, '2019', ''),
(31, 201900031, 10000002, 2, 1, '2019', ''),
(32, 201900032, 10000002, 2, 1, '2019', ''),
(33, 201900033, 10000002, 2, 1, '2019', ''),
(34, 201900034, 10000002, 2, 1, '2019', ''),
(35, 201900035, 10000002, 2, 1, '2019', ''),
(36, 201900036, 10000002, 2, 1, '2019', ''),
(37, 201900037, 10000002, 2, 1, '2019', ''),
(38, 201900038, 10000002, 2, 1, '2019', ''),
(39, 201900039, 10000002, 2, 1, '2019', ''),
(40, 201900040, 10000002, 2, 1, '2019', ''),
(41, 201900041, 10000002, 2, 1, '2019', ''),
(42, 201900042, 10000002, 2, 1, '2019', ''),
(43, 201900043, 10000002, 2, 1, '2019', ''),
(44, 201900044, 10000002, 2, 1, '2019', ''),
(45, 201900045, 10000002, 2, 1, '2019', ''),
(46, 201900046, 10000002, 2, 1, '2019', ''),
(47, 201900047, 10000002, 2, 1, '2019', ''),
(48, 201900048, 10000002, 2, 1, '2019', ''),
(49, 201900049, 10000002, 2, 1, '2019', ''),
(50, 201900050, 10000002, 2, 1, '2019', ''),
(51, 201900051, 10000003, 4, 1, '2019', ''),
(52, 201900052, 10000003, 4, 1, '2019', ''),
(53, 201900053, 10000003, 4, 1, '2019', ''),
(54, 201900054, 10000003, 4, 1, '2019', ''),
(55, 201900055, 10000003, 4, 1, '2019', ''),
(56, 201900056, 10000003, 4, 1, '2019', ''),
(57, 201900057, 10000003, 4, 1, '2019', ''),
(58, 201900058, 10000003, 4, 1, '2019', ''),
(59, 201900059, 10000003, 4, 1, '2019', ''),
(60, 201900060, 10000003, 4, 1, '2019', ''),
(61, 201900061, 10000003, 4, 1, '2019', ''),
(62, 201900062, 10000003, 4, 1, '2019', ''),
(63, 201900063, 10000003, 4, 1, '2019', ''),
(64, 201900064, 10000003, 4, 1, '2019', ''),
(65, 201900065, 10000003, 4, 1, '2019', ''),
(66, 201900066, 10000003, 4, 1, '2019', ''),
(67, 201900067, 10000003, 4, 1, '2019', ''),
(68, 201900068, 10000003, 4, 1, '2019', ''),
(69, 201900069, 10000003, 4, 1, '2019', ''),
(70, 201900070, 10000003, 4, 1, '2019', ''),
(71, 201900071, 10000003, 4, 1, '2019', ''),
(72, 201900072, 10000003, 4, 1, '2019', ''),
(73, 201900073, 10000003, 4, 1, '2019', ''),
(74, 201900074, 10000003, 4, 1, '2019', ''),
(75, 201900075, 10000003, 4, 1, '2019', ''),
(76, 201900076, 10000003, 4, 1, '2019', ''),
(77, 201900077, 10000004, 6, 1, '2019', ''),
(78, 201900078, 10000004, 6, 1, '2019', ''),
(79, 201900079, 10000004, 6, 1, '2019', ''),
(80, 201900080, 10000004, 6, 1, '2019', ''),
(81, 201900081, 10000004, 6, 1, '2019', ''),
(82, 201900082, 10000004, 6, 1, '2019', ''),
(83, 201900083, 10000004, 6, 1, '2019', ''),
(84, 201900084, 10000004, 6, 1, '2019', ''),
(85, 201900085, 10000004, 6, 1, '2019', ''),
(86, 201900086, 10000004, 6, 1, '2019', ''),
(87, 201900087, 10000004, 6, 1, '2019', ''),
(88, 201900088, 10000004, 6, 1, '2019', ''),
(89, 201900089, 10000004, 6, 1, '2019', ''),
(90, 201900090, 10000004, 6, 1, '2019', ''),
(91, 201900091, 10000004, 6, 1, '2019', ''),
(92, 201900092, 10000004, 6, 1, '2019', ''),
(93, 201900093, 10000004, 6, 1, '2019', ''),
(94, 201900094, 10000004, 6, 1, '2019', ''),
(95, 201900095, 10000004, 6, 1, '2019', ''),
(96, 201900096, 10000004, 6, 1, '2019', ''),
(97, 201900097, 10000004, 6, 1, '2019', ''),
(98, 201900098, 10000004, 6, 1, '2019', ''),
(99, 201900099, 10000004, 6, 1, '2019', ''),
(100, 201900100, 10000004, 6, 1, '2019', ''),
(101, 201900101, 10000004, 6, 1, '2019', ''),
(102, 201900102, 10000004, 6, 1, '2019', ''),
(103, 201900103, 10000004, 6, 1, '2019', ''),
(104, 201900104, 10000004, 6, 1, '2019', ''),
(105, 201900105, 10000005, 7, 1, '2019', ''),
(106, 201900106, 10000005, 7, 1, '2019', ''),
(107, 201900107, 10000005, 7, 1, '2019', ''),
(108, 201900108, 10000005, 7, 1, '2019', ''),
(109, 201900109, 10000005, 7, 1, '2019', ''),
(110, 201900110, 10000005, 7, 1, '2019', ''),
(111, 201900111, 10000005, 7, 1, '2019', ''),
(112, 201900112, 10000005, 7, 1, '2019', ''),
(113, 201900113, 10000005, 7, 1, '2019', ''),
(114, 201900114, 10000005, 7, 1, '2019', ''),
(115, 201900115, 10000005, 7, 1, '2019', ''),
(116, 201900116, 10000005, 7, 1, '2019', ''),
(117, 201900117, 10000005, 7, 1, '2019', ''),
(118, 201900118, 10000005, 7, 1, '2019', ''),
(119, 201900119, 10000005, 7, 1, '2019', ''),
(120, 201900120, 10000005, 7, 1, '2019', ''),
(121, 201900121, 10000005, 7, 1, '2019', ''),
(122, 201900122, 10000005, 7, 1, '2019', ''),
(123, 201900123, 10000005, 7, 1, '2019', ''),
(124, 201900124, 10000005, 7, 1, '2019', ''),
(125, 201900125, 10000006, 9, 1, '2019', ''),
(126, 201900126, 10000006, 9, 1, '2019', ''),
(127, 201900127, 10000006, 9, 1, '2019', ''),
(128, 201900128, 10000006, 9, 1, '2019', ''),
(129, 201900129, 10000006, 9, 1, '2019', ''),
(130, 201900130, 10000006, 9, 1, '2019', ''),
(131, 201900131, 10000006, 9, 1, '2019', ''),
(132, 201900132, 10000006, 9, 1, '2019', ''),
(133, 201900133, 10000006, 9, 1, '2019', ''),
(134, 201900134, 10000006, 9, 1, '2019', ''),
(135, 201900135, 10000006, 9, 1, '2019', ''),
(136, 201900136, 10000006, 9, 1, '2019', ''),
(137, 201900137, 10000006, 9, 1, '2019', ''),
(138, 201900138, 10000006, 9, 1, '2019', ''),
(139, 201900139, 10000006, 9, 1, '2019', ''),
(140, 201900140, 10000006, 9, 1, '2019', ''),
(141, 201900141, 10000006, 9, 1, '2019', ''),
(142, 201900142, 10000006, 9, 1, '2019', ''),
(143, 201900143, 10000006, 9, 1, '2019', ''),
(144, 201900144, 10000006, 9, 1, '2019', ''),
(145, 201900145, 10000006, 9, 1, '2019', ''),
(146, 201900146, 10000006, 9, 1, '2019', ''),
(147, 201900147, 10000006, 9, 1, '2019', ''),
(148, 201900148, 10000006, 9, 1, '2019', ''),
(149, 201900149, 10000006, 9, 1, '2019', ''),
(150, 201900150, 10000006, 9, 1, '2019', ''),
(151, 201900151, 10000006, 9, 1, '2019', ''),
(152, 201900152, 10000006, 9, 1, '2019', ''),
(153, 201900153, 10000007, 10, 1, '2019', ''),
(154, 201900154, 10000007, 10, 1, '2019', ''),
(155, 201900155, 10000007, 10, 1, '2019', ''),
(156, 201900156, 10000007, 10, 1, '2019', ''),
(157, 201900157, 10000007, 10, 1, '2019', ''),
(158, 201900158, 10000007, 10, 1, '2019', ''),
(159, 201900159, 10000007, 10, 1, '2019', ''),
(160, 201900160, 10000007, 10, 1, '2019', ''),
(161, 201900161, 10000007, 10, 1, '2019', ''),
(162, 201900162, 10000007, 10, 1, '2019', ''),
(163, 201900163, 10000007, 10, 1, '2019', ''),
(164, 201900164, 10000007, 10, 1, '2019', ''),
(165, 201900165, 10000007, 10, 1, '2019', ''),
(166, 201900166, 10000007, 10, 1, '2019', ''),
(167, 201900167, 10000007, 10, 1, '2019', ''),
(168, 201900168, 10000007, 10, 1, '2019', ''),
(169, 201900169, 10000007, 10, 1, '2019', ''),
(170, 201900170, 10000007, 10, 1, '2019', ''),
(171, 201900171, 10000007, 10, 1, '2019', ''),
(172, 201900172, 10000007, 10, 1, '2019', ''),
(173, 201900173, 10000007, 10, 1, '2019', ''),
(174, 201900174, 10000007, 10, 1, '2019', ''),
(175, 201900175, 10000007, 10, 1, '2019', ''),
(176, 201900176, 10000008, 11, 1, '2019', ''),
(177, 201900177, 10000008, 11, 1, '2019', ''),
(178, 201900178, 10000008, 11, 1, '2019', ''),
(179, 201900179, 10000008, 11, 1, '2019', ''),
(180, 201900180, 10000008, 11, 1, '2019', ''),
(181, 201900181, 10000008, 11, 1, '2019', ''),
(182, 201900182, 10000008, 11, 1, '2019', ''),
(183, 201900183, 10000008, 11, 1, '2019', ''),
(184, 201900184, 10000008, 11, 1, '2019', ''),
(185, 201900185, 10000008, 11, 1, '2019', ''),
(186, 201900186, 10000008, 11, 1, '2019', ''),
(187, 201900187, 10000008, 11, 1, '2019', ''),
(188, 201900188, 10000008, 11, 1, '2019', ''),
(189, 201900189, 10000008, 11, 1, '2019', ''),
(190, 201900190, 10000008, 11, 1, '2019', ''),
(191, 201900191, 10000008, 11, 1, '2019', ''),
(192, 201900192, 10000008, 11, 1, '2019', ''),
(193, 201900193, 10000008, 11, 1, '2019', ''),
(194, 201900194, 10000008, 11, 1, '2019', ''),
(195, 201900195, 10000008, 11, 1, '2019', ''),
(196, 201900196, 10000008, 11, 1, '2019', ''),
(197, 201900197, 10000008, 11, 1, '2019', ''),
(198, 201900198, 10000008, 11, 1, '2019', ''),
(199, 201900199, 10000008, 11, 1, '2019', ''),
(200, 201900200, 10000009, 12, 1, '2019', ''),
(201, 201900201, 10000009, 12, 1, '2019', ''),
(202, 201900202, 10000009, 12, 1, '2019', ''),
(203, 201900203, 10000009, 12, 1, '2019', ''),
(204, 201900204, 10000009, 12, 1, '2019', ''),
(205, 201900205, 10000009, 12, 1, '2019', ''),
(206, 201900206, 10000009, 12, 1, '2019', ''),
(207, 201900207, 10000009, 12, 1, '2019', ''),
(208, 201900208, 10000009, 12, 1, '2019', ''),
(209, 201900209, 10000009, 12, 1, '2019', ''),
(210, 201900210, 10000009, 12, 1, '2019', ''),
(211, 201900211, 10000009, 12, 1, '2019', ''),
(212, 201900212, 10000009, 12, 1, '2019', ''),
(213, 201900213, 10000009, 12, 1, '2019', ''),
(214, 201900214, 10000009, 12, 1, '2019', ''),
(215, 201900215, 10000009, 12, 1, '2019', ''),
(216, 201900216, 10000009, 12, 1, '2019', ''),
(217, 201900217, 10000009, 12, 1, '2019', ''),
(218, 201900218, 10000010, 13, 1, '2019', ''),
(219, 201900219, 10000010, 13, 1, '2019', ''),
(220, 201900220, 10000010, 13, 1, '2019', ''),
(221, 201900221, 10000010, 13, 1, '2019', ''),
(222, 201900222, 10000010, 13, 1, '2019', ''),
(223, 201900223, 10000010, 13, 1, '2019', ''),
(224, 201900224, 10000010, 13, 1, '2019', ''),
(225, 201900225, 10000010, 13, 1, '2019', ''),
(226, 201900226, 10000010, 13, 1, '2019', ''),
(227, 201900227, 10000010, 13, 1, '2019', ''),
(228, 201900228, 10000010, 13, 1, '2019', ''),
(229, 201900229, 10000010, 13, 1, '2019', ''),
(230, 201900230, 10000010, 13, 1, '2019', ''),
(231, 201900231, 10000010, 13, 1, '2019', ''),
(232, 201900232, 10000010, 13, 1, '2019', ''),
(233, 201900233, 10000010, 13, 1, '2019', ''),
(234, 201900234, 10000010, 13, 1, '2019', ''),
(235, 201900235, 10000010, 13, 1, '2019', ''),
(236, 201900236, 10000010, 13, 1, '2019', ''),
(237, 201900237, 10000010, 13, 1, '2019', ''),
(238, 201900238, 10000010, 13, 1, '2019', ''),
(239, 201900239, 10000010, 13, 1, '2019', ''),
(240, 201900240, 10000010, 13, 1, '2019', ''),
(241, 201900241, 10000010, 13, 1, '2019', ''),
(242, 201900242, 10000010, 13, 1, '2019', ''),
(243, 201900243, 10000010, 13, 1, '2019', ''),
(244, 201900244, 10000010, 13, 1, '2019', ''),
(245, 201900245, 10000010, 13, 1, '2019', ''),
(246, 201900246, 10000010, 13, 1, '2019', ''),
(247, 201900247, 10000011, 3, 2, '2019', ''),
(248, 201900248, 10000011, 3, 2, '2019', ''),
(249, 201900249, 10000011, 3, 2, '2019', ''),
(250, 201900250, 10000011, 3, 2, '2019', ''),
(251, 201900251, 10000011, 3, 2, '2019', ''),
(252, 201900252, 10000011, 3, 2, '2019', ''),
(253, 201900253, 10000011, 3, 2, '2019', ''),
(254, 201900254, 10000011, 3, 2, '2019', ''),
(255, 201900255, 10000011, 3, 2, '2019', ''),
(256, 201900256, 10000011, 3, 2, '2019', ''),
(257, 201900257, 10000011, 3, 2, '2019', ''),
(258, 201900258, 10000011, 3, 2, '2019', ''),
(259, 201900259, 10000011, 3, 2, '2019', ''),
(260, 201900260, 10000011, 3, 2, '2019', ''),
(261, 201900261, 10000011, 3, 2, '2019', ''),
(262, 201900262, 10000011, 3, 2, '2019', ''),
(263, 201900263, 10000011, 3, 2, '2019', ''),
(264, 201900264, 10000011, 3, 2, '2019', ''),
(265, 201900265, 10000011, 3, 2, '2019', ''),
(266, 201900266, 10000011, 3, 2, '2019', ''),
(267, 201900267, 10000011, 3, 2, '2019', ''),
(268, 201900268, 10000011, 3, 2, '2019', ''),
(269, 201900269, 10000011, 3, 2, '2019', ''),
(270, 201900270, 10000011, 3, 2, '2019', ''),
(271, 201900271, 10000011, 3, 2, '2019', ''),
(272, 201900272, 10000011, 3, 2, '2019', ''),
(273, 201900273, 10000011, 3, 2, '2019', ''),
(274, 201900274, 10000011, 3, 2, '2019', ''),
(275, 201900275, 10000012, 5, 2, '2019', ''),
(276, 201900276, 10000012, 5, 2, '2019', ''),
(277, 201900277, 10000012, 5, 2, '2019', ''),
(278, 201900278, 10000012, 5, 2, '2019', ''),
(279, 201900279, 10000012, 5, 2, '2019', ''),
(280, 201900280, 10000012, 5, 2, '2019', ''),
(281, 201900281, 10000012, 5, 2, '2019', ''),
(282, 201900282, 10000012, 5, 2, '2019', ''),
(283, 201900283, 10000012, 5, 2, '2019', ''),
(284, 201900284, 10000012, 5, 2, '2019', ''),
(285, 201900285, 10000012, 5, 2, '2019', ''),
(286, 201900286, 10000012, 5, 2, '2019', ''),
(287, 201900287, 10000012, 5, 2, '2019', ''),
(288, 201900288, 10000012, 5, 2, '2019', ''),
(289, 201900289, 10000012, 5, 2, '2019', ''),
(290, 201900290, 10000012, 5, 2, '2019', ''),
(291, 201900291, 10000012, 5, 2, '2019', ''),
(292, 201900292, 10000012, 5, 2, '2019', ''),
(293, 201900293, 10000012, 5, 2, '2019', ''),
(294, 201900294, 10000012, 5, 2, '2019', ''),
(295, 201900295, 10000012, 5, 2, '2019', ''),
(296, 201900296, 10000012, 5, 2, '2019', ''),
(297, 201900297, 10000012, 5, 2, '2019', ''),
(298, 201900298, 10000012, 5, 2, '2019', ''),
(299, 201900299, 10000012, 5, 2, '2019', ''),
(300, 201900300, 10000012, 5, 2, '2019', ''),
(301, 201900301, 10000013, 8, 2, '2019', ''),
(302, 201900302, 10000013, 8, 2, '2019', ''),
(303, 201900303, 10000013, 8, 2, '2019', ''),
(304, 201900304, 10000013, 8, 2, '2019', ''),
(305, 201900305, 10000013, 8, 2, '2019', ''),
(306, 201900306, 10000013, 8, 2, '2019', ''),
(307, 201900307, 10000013, 8, 2, '2019', ''),
(308, 201900308, 10000013, 8, 2, '2019', ''),
(309, 201900309, 10000013, 8, 2, '2019', ''),
(310, 201900310, 10000013, 8, 2, '2019', ''),
(311, 201900311, 10000013, 8, 2, '2019', ''),
(312, 201900312, 10000013, 8, 2, '2019', ''),
(313, 201900313, 10000013, 8, 2, '2019', ''),
(314, 201900314, 10000013, 8, 2, '2019', ''),
(315, 201900315, 10000013, 8, 2, '2019', ''),
(316, 201900316, 10000013, 8, 2, '2019', ''),
(317, 201900317, 10000013, 8, 2, '2019', ''),
(318, 201900318, 10000013, 8, 2, '2019', ''),
(319, 201900319, 10000013, 8, 2, '2019', ''),
(320, 201900320, 10000013, 8, 2, '2019', ''),
(321, 201900321, 10000013, 8, 2, '2019', ''),
(322, 201900322, 10000013, 8, 2, '2019', ''),
(323, 201900323, 10000013, 8, 2, '2019', ''),
(324, 201900324, 10000013, 8, 2, '2019', ''),
(325, 201900325, 10000013, 8, 2, '2019', ''),
(326, 201900326, 10000013, 8, 2, '2019', ''),
(327, 201900327, 10000013, 8, 2, '2019', ''),
(328, 201900328, 10000013, 8, 2, '2019', '');

-- --------------------------------------------------------

--
-- Estructura de tabla para la tabla `salon`
--

CREATE TABLE `salon` (
  `cod_salon` bigint(10) NOT NULL,
  `grado` varchar(20) NOT NULL,
  `seccion` varchar(2) NOT NULL,
  `obs` varchar(200) NOT NULL
) ENGINE=InnoDB DEFAULT CHARSET=utf8;

--
-- Volcado de datos para la tabla `salon`
--

INSERT INTO `salon` (`cod_salon`, `grado`, `seccion`, `obs`) VALUES
(1, '1', 'A', ''),
(2, '1', 'B', ''),
(3, '1', 'C', ''),
(4, '2', 'A', ''),
(5, '2', 'B', ''),
(6, '3', 'A', ''),
(7, '3', 'B', ''),
(8, '3', 'C', ''),
(9, '4', 'A', ''),
(10, '4', 'B', ''),
(11, '5', 'A', ''),
(12, '5', 'B', ''),
(13, '6', 'U', '');

-- --------------------------------------------------------

--
-- Estructura de tabla para la tabla `turno`
--

CREATE TABLE `turno` (
  `cod_turno` int(11) NOT NULL,
  `turno` varchar(10) NOT NULL,
  `abrev` varchar(1) NOT NULL,
  `hora` time DEFAULT NULL
) ENGINE=InnoDB DEFAULT CHARSET=utf8;

--
-- Volcado de datos para la tabla `turno`
--

INSERT INTO `turno` (`cod_turno`, `turno`, `abrev`, `hora`) VALUES
(1, 'Mañana', 'M', NULL),
(2, 'Tarde', 'T', NULL),
(3, 'Noche', 'N', NULL);

-- --------------------------------------------------------

--
-- Estructura de tabla para la tabla `usuario`
--

CREATE TABLE `usuario` (
  `cod_usuario` int(11) NOT NULL,
  `usuario` varchar(20) NOT NULL,
  `clave` varchar(20) NOT NULL,
  `tipo` varchar(30) NOT NULL,
  `estado` int(11) NOT NULL
) ENGINE=InnoDB DEFAULT CHARSET=utf8;

--
-- Volcado de datos para la tabla `usuario`
--

INSERT INTO `usuario` (`cod_usuario`, `usuario`, `clave`, `tipo`, `estado`) VALUES
(1, 'administrador', 'uruguay1014*', 'administrador', 1);

--
-- Índices para tablas volcadas
--

--
-- Indices de la tabla `asistencia`
--
ALTER TABLE `asistencia`
  ADD PRIMARY KEY (`cod_asistencia`);

--
-- Indices de la tabla `docente`
--
ALTER TABLE `docente`
  ADD PRIMARY KEY (`cod_docente`);

--
-- Indices de la tabla `matricula`
--
ALTER TABLE `matricula`
  ADD PRIMARY KEY (`cod_matricula`);

--
-- Indices de la tabla `salon`
--
ALTER TABLE `salon`
  ADD PRIMARY KEY (`cod_salon`);

--
-- Indices de la tabla `turno`
--
ALTER TABLE `turno`
  ADD PRIMARY KEY (`cod_turno`);

--
-- Indices de la tabla `usuario`
--
ALTER TABLE `usuario`
  ADD PRIMARY KEY (`cod_usuario`);

--
-- AUTO_INCREMENT de las tablas volcadas
--

--
-- AUTO_INCREMENT de la tabla `asistencia`
--
ALTER TABLE `asistencia`
  MODIFY `cod_asistencia` int(11) NOT NULL AUTO_INCREMENT, AUTO_INCREMENT=249;

--
-- AUTO_INCREMENT de la tabla `docente`
--
ALTER TABLE `docente`
  MODIFY `cod_docente` bigint(10) NOT NULL AUTO_INCREMENT, AUTO_INCREMENT=10000014;

--
-- AUTO_INCREMENT de la tabla `matricula`
--
ALTER TABLE `matricula`
  MODIFY `cod_matricula` bigint(20) NOT NULL AUTO_INCREMENT, AUTO_INCREMENT=329;

--
-- AUTO_INCREMENT de la tabla `salon`
--
ALTER TABLE `salon`
  MODIFY `cod_salon` bigint(10) NOT NULL AUTO_INCREMENT, AUTO_INCREMENT=14;

--
-- AUTO_INCREMENT de la tabla `turno`
--
ALTER TABLE `turno`
  MODIFY `cod_turno` int(11) NOT NULL AUTO_INCREMENT, AUTO_INCREMENT=4;

--
-- AUTO_INCREMENT de la tabla `usuario`
--
ALTER TABLE `usuario`
  MODIFY `cod_usuario` int(11) NOT NULL AUTO_INCREMENT, AUTO_INCREMENT=2;
COMMIT;

/*!40101 SET CHARACTER_SET_CLIENT=@OLD_CHARACTER_SET_CLIENT */;
/*!40101 SET CHARACTER_SET_RESULTS=@OLD_CHARACTER_SET_RESULTS */;
/*!40101 SET COLLATION_CONNECTION=@OLD_COLLATION_CONNECTION */;
